Product Name,Category
Smartphone,Electronics
Laptop,Electronics
Smartwatch,Electronics
Headphones,Electronics
Tablet,Electronics
Digital Camera,Electronics
Smart Tv,Electronics
Gaming Console,Electronics
Wireless Speaker,Electronics
Fitness Tracker,Electronics
Router,Electronics
Vr Headset,Electronics
Digital Watch,Electronics
Wireless Earbuds,Electronics
E-Reader,Electronics
Desktop Computer,Electronics
Smart Speaker,Electronics
External Hard Drive,Electronics
Drones,Electronics
Action Camera,Electronics
Smart Thermostat,Electronics
Digital Photo Frame,Electronics
Wireless Charger,Electronics
Gaming Mouse,Electronics
Bluetooth Tracker,Electronics
Car Gps Navigator,Electronics
Mini Projector,Electronics
Wireless Keyboard,Electronics
Home Security Camera,Electronics
Smart Doorbell,Electronics
Smart Lock,Electronics
Wireless Mouse,Electronics
Wireless Charging Pad,Electronics
Smart Scale,Electronics
Bluetooth Car Kit,Electronics
Portable Power Bank,Electronics
Portable Bluetooth Speaker,Electronics
Usb Flash Drive,Electronics
External Ssd,Electronics
Gaming Keyboard,Electronics
Portable Dvd Player,Electronics
Bluetooth Fm Transmitter,Electronics
Car Dash Cam,Electronics
Wireless Charging Stand,Electronics
Mini Bluetooth Speaker,Electronics
Smart Home Hub,Electronics
Smart Plug,Electronics
Wireless Gaming Mouse,Electronics
Bluetooth Fm Receiver,Electronics
Wireless Gaming Headset,Electronics
Car Phone Mount,Electronics
Fitness Smartwatch,Electronics
Smart Light Bulb,Electronics
Wireless Sports Earphones,Electronics
Car Bluetooth Speakerphone,Electronics
Smart Coffee Maker,Electronics
Wireless Gaming Controller,Electronics
Smart Kitchen Scale,Electronics
Wireless Car Charger,Electronics
Wireless Gaming Keyboard,Electronics
Wireless Presenter,Electronics
Virtual Assistant Speaker,Electronics
Smart Door Lock,Electronics
Wireless Security Camera,Electronics
Wireless Keyboard And Mouse Combo,Electronics
Portable Bluetooth Keyboard,Electronics
Smart Ceiling Fan Controller,Electronics
Wireless Charging Car Mount,Electronics
Slim Fit Jeans,Apparel And Fashion
Floral Maxi Dress,Apparel And Fashion
Leather Jacket,Apparel And Fashion
Classic White T-Shirt,Apparel And Fashion
Denim Shorts,Apparel And Fashion
Striped Button-Up Shirt,Apparel And Fashion
A-Line Skirt,Apparel And Fashion
Crewneck Sweatshirt,Apparel And Fashion
Wool Blend Coat,Apparel And Fashion
Sleeveless Blouse,Apparel And Fashion
Plaid Flannel Shirt,Apparel And Fashion
Pleated Midi Dress,Apparel And Fashion
High Waisted Leggings,Apparel And Fashion
Faux Fur Vest,Apparel And Fashion
Graphic Print T-Shirt,Apparel And Fashion
Wrap Dress,Apparel And Fashion
Cable Knit Sweater,Apparel And Fashion
Cargo Pants,Apparel And Fashion
Lace Trim Camisole,Apparel And Fashion
Puffer Jacket,Apparel And Fashion
Floral Print Blouse,Apparel And Fashion
Distressed Skinny Jeans,Apparel And Fashion
Shift Dress,Apparel And Fashion
Polo Shirt,Apparel And Fashion
Cropped Hoodie,Apparel And Fashion
Midi Pencil Skirt,Apparel And Fashion
Striped Sweater,Apparel And Fashion
Off-Shoulder Top,Apparel And Fashion
Faux Leather Leggings,Apparel And Fashion
Bomber Jacket,Apparel And Fashion
Flare Jeans,Apparel And Fashion
Wrap Blouse,Apparel And Fashion
Denim Jacket,Apparel And Fashion
Ruffled Mini Dress,Apparel And Fashion
V-Neck Sweater,Apparel And Fashion
Chino Shorts,Apparel And Fashion
Lace Dress,Apparel And Fashion
Button-Front Skirt,Apparel And Fashion
Ribbed Tank Top,Apparel And Fashion
Trench Coat,Apparel And Fashion
Striped Crop Top,Apparel And Fashion
Jogger Pants,Apparel And Fashion
Silk Blouse,Apparel And Fashion
Faux Suede Jacket,Apparel And Fashion
Wrap Maxi Dress,Apparel And Fashion
Cable Knit Cardigan,Apparel And Fashion
Linen Shirt,Apparel And Fashion
Pleated Mini Skirt,Apparel And Fashion
Fringe Hem Jeans,Apparel And Fashion
Turtleneck Sweater,Apparel And Fashion
Wide Leg Pants,Apparel And Fashion
Lace Trim Slip Dress,Apparel And Fashion
Button-Up Cardigan,Apparel And Fashion
Belted Jumpsuit,Apparel And Fashion
Floral Print Kimono,Apparel And Fashion
Striped Maxi Dress,Apparel And Fashion
Chambray Shirt,Apparel And Fashion
Ribbed Knit Sweater,Apparel And Fashion
Pleated Culottes,Apparel And Fashion
Velvet Blazer,Apparel And Fashion
Sheath Dress,Apparel And Fashion
Varsity Jacket,Apparel And Fashion
Floral Print Wrap Skirt,Apparel And Fashion
Frayed Hem Shorts,Apparel And Fashion
Ruffle Sleeve Blouse,Apparel And Fashion
Hooded Sweatshirt,Apparel And Fashion
Pleated Maxi Dress,Apparel And Fashion
Linen Blend Pants,Apparel And Fashion
Cropped Denim Jacket,Apparel And Fashion
Polka Dot Blouse,Apparel And Fashion
Cable Knit Beanie,Apparel And Fashion
Striped Wide Leg Jumpsuit,Apparel And Fashion
Tulle Midi Skirt,Apparel And Fashion
Button-Front Cardigan,Apparel And Fashion
Denim Overall Dress,Apparel And Fashion
Linen Button-Up Shirt,Apparel And Fashion
Ribbed Knit Crop Top,Apparel And Fashion
Cargo Jogger Pants,Apparel And Fashion
Cropped Cable Knit Sweater,Apparel And Fashion
Belted Trench Coat,Apparel And Fashion
Blender,Kitchen Appliances
Coffee Maker,Kitchen Appliances
Toaster,Kitchen Appliances
Microwave Oven,Kitchen Appliances
Food Processor,Kitchen Appliances
Stand Mixer,Kitchen Appliances
Juicer,Kitchen Appliances
Slow Cooker,Kitchen Appliances
Rice Cooker,Kitchen Appliances
Electric Kettle,Kitchen Appliances
Air Fryer,Kitchen Appliances
Pressure Cooker,Kitchen Appliances
Waffle Maker,Kitchen Appliances
Food Dehydrator,Kitchen Appliances
Countertop Oven,Kitchen Appliances
Hand Mixer,Kitchen Appliances
Electric Griddle,Kitchen Appliances
Food Scale,Kitchen Appliances
Electric Can Opener,Kitchen Appliances
Immersion Blender,Kitchen Appliances
Knife Set,Kitchen Appliances
Electric Pressure Cooker,Kitchen Appliances
Electric Skillet,Kitchen Appliances
Toaster Oven,Kitchen Appliances
Food Chopper,Kitchen Appliances
Handheld Milk Frother,Kitchen Appliances
Electric Tea Kettle,Kitchen Appliances
Rice Cooker And Steamer,Kitchen Appliances
Meat Grinder,Kitchen Appliances
Electric Food Steamer,Kitchen Appliances
Electric Wine Opener,Kitchen Appliances
Electric Citrus Juicer,Kitchen Appliances
Electric Spiralizer,Kitchen Appliances
Coffee Grinder,Kitchen Appliances
Electric Ice Cream Maker,Kitchen Appliances
Bread Machine,Kitchen Appliances
Panini Press,Kitchen Appliances
Electric Hot Plate,Kitchen Appliances
Electric Yogurt Maker,Kitchen Appliances
Electric Egg Cooker,Kitchen Appliances
Electric Knife Sharpener,Kitchen Appliances
Electric Meat Slicer,Kitchen Appliances
Electric Popcorn Maker,Kitchen Appliances
Electric Pasta Maker,Kitchen Appliances
Electric Hand Blender,Kitchen Appliances
Electric Food Processor,Kitchen Appliances
Electric Meat Grinder,Kitchen Appliances
Electric Stand Mixer,Kitchen Appliances
Electric Multi-Cooker,Kitchen Appliances
Electric Egg Boiler,Kitchen Appliances
Electric Bread Maker,Kitchen Appliances
Electric Wok,Kitchen Appliances
Electric Food Warmer,Kitchen Appliances
Electric Meat Tenderizer,Kitchen Appliances
Electric Vacuum Sealer,Kitchen Appliances
Electric Food Dehydrator,Kitchen Appliances
Electric Pizza Oven,Kitchen Appliances
Electric Fondue Pot,Kitchen Appliances
Electric Food Slicer,Kitchen Appliances
Electric Crepe Maker,Kitchen Appliances
Electric Ice Shaver,Kitchen Appliances
Electric Tortilla Press,Kitchen Appliances
Electric Donut Maker,Kitchen Appliances
Electric Milk Frother,Kitchen Appliances
Electric Gravy Warmer,Kitchen Appliances
Electric Ice Cream Scoop,Kitchen Appliances
Electric Popcorn Popper,Kitchen Appliances
Electric Pancake Maker,Kitchen Appliances
Electric Quesadilla Maker,Kitchen Appliances
Electric Rice Dispenser,Kitchen Appliances
Electric Salad Spinner,Kitchen Appliances
Electric Spice Grinder,Kitchen Appliances
Electric S'Mores Maker,Kitchen Appliances
Electric Sushi Maker,Kitchen Appliances
Electric Cotton Candy Maker,Kitchen Appliances
Electric Tortilla Warmer,Kitchen Appliances
Electric Fondue Fountain,Kitchen Appliances
Electric Hot Dog Steamer,Kitchen Appliances
Electric Kebab Maker,Kitchen Appliances
Electric Omelette Maker,Kitchen Appliances
Facial Cleanser,Health And Beauty
Moisturizing Cream,Health And Beauty
Anti-Aging Serum,Health And Beauty
Sunscreen Lotion,Health And Beauty
Lip Balm,Health And Beauty
Body Lotion,Health And Beauty
Shampoo,Health And Beauty
Conditioner,Health And Beauty
Hair Mask,Health And Beauty
Hair Oil,Health And Beauty
Facial Mask,Health And Beauty
Acne Treatment,Health And Beauty
Body Scrub,Health And Beauty
Hand Cream,Health And Beauty
Foot Cream,Health And Beauty
Eye Cream,Health And Beauty
Makeup Remover,Health And Beauty
Facial Toner,Health And Beauty
Body Wash,Health And Beauty
Perfume,Health And Beauty
Cologne,Health And Beauty
Body Spray,Health And Beauty
Deodorant,Health And Beauty
Shaving Cream,Health And Beauty
Aftershave,Health And Beauty
Hair Gel,Health And Beauty
Hair Spray,Health And Beauty
Hand Sanitizer,Health And Beauty
Facial Scrub,Health And Beauty
Body Butter,Health And Beauty
Cuticle Oil,Health And Beauty
Foot Scrub,Health And Beauty
Aromatherapy Oil,Health And Beauty
Hair Serum,Health And Beauty
Bath Bombs,Health And Beauty
Dry Shampoo,Health And Beauty
Essential Oils Set,Health And Beauty
Tinted Lip Balm,Health And Beauty
Sleep Mask,Health And Beauty
Nail Polish Remover,Health And Beauty
Eye Mask,Health And Beauty
Facial Mist,Health And Beauty
Hair Growth Serum,Health And Beauty
Foot Peel Mask,Health And Beauty
Eyebrow Serum,Health And Beauty
Tea Tree Oil,Health And Beauty
Charcoal Face Mask,Health And Beauty
Gel Nail Polish,Health And Beauty
Cuticle Cream,Health And Beauty
Foaming Face Wash,Health And Beauty
Hair Thickening Shampoo,Health And Beauty
Eyelash Serum,Health And Beauty
Dry Body Brush,Health And Beauty
Teeth Whitening Kit,Health And Beauty
Hair Removal Wax,Health And Beauty
Collagen Serum,Health And Beauty
Cuticle Remover,Health And Beauty
Foaming Hand Soap,Health And Beauty
Argan Oil,Health And Beauty
Teeth Whitening Strips,Health And Beauty
Body Oil,Health And Beauty
Eye Gel Patches,Health And Beauty
Nail Strengthener,Health And Beauty
Hyaluronic Acid Serum,Health And Beauty
Hand Exfoliant,Health And Beauty
Dry Brushing Set,Health And Beauty
Nail Growth Oil,Health And Beauty
Foot Mask,Health And Beauty
Hand Peel Mask,Health And Beauty
Tea Tree Shampoo,Health And Beauty
Face Oil,Health And Beauty
Makeup Setting Spray,Health And Beauty
Castor Oil,Health And Beauty
Silk Pillowcase,Health And Beauty
Lip Scrub,Health And Beauty
Hydrating Face Mask,Health And Beauty
Teeth Whitening Toothpaste,Health And Beauty
Vitamin C Serum,Health And Beauty
Eyebrow Pencil,Health And Beauty
Body Wash Sponge,Health And Beauty
Facial Roller,Health And Beauty
Exfoliating Foot Peel,Health And Beauty
Eyelash Curler,Health And Beauty
Facial Oil Cleanser,Health And Beauty
Lip Mask,Health And Beauty
Detoxifying Clay Mask,Health And Beauty
Volumizing Mascara,Health And Beauty
Silicone Facial Cleansing Brush,Health And Beauty
Cuticle Pusher,Health And Beauty
Blackhead Remover,Health And Beauty
Eyebrow Gel,Health And Beauty
Hand Sanitizing Wipes,Health And Beauty
Gel Nail Polish Remover,Health And Beauty
Facial Cleansing Brush,Health And Beauty
Hair Vitamins,Health And Beauty
Reusable Makeup Remover Pads,Health And Beauty
Natural Deodorant,Health And Beauty
The Great Gatsby By F. Scott Fitzgerald,Books And Media
To Kill A Mockingbird By Harper Lee,Books And Media
1984 By George Orwell,Books And Media
Harry Potter And The Philosopher'S Stone By J.K. Rowling,Books And Media
The Catcher In The Rye By J.D. Salinger,Books And Media
Pride And Prejudice By Jane Austen,Books And Media
The Hobbit By J.R.R. Tolkien,Books And Media
Lord Of The Flies By William Golding,Books And Media
To The Lighthouse By Virginia Woolf,Books And Media
Brave New World By Aldous Huxley,Books And Media
The Lord Of The Rings By J.R.R. Tolkien,Books And Media
The Chronicles Of Narnia By C.S. Lewis,Books And Media
The Picture Of Dorian Gray By Oscar Wilde,Books And Media
The Bell Jar By Sylvia Plath,Books And Media
Jane Eyre By Charlotte Brontë,Books And Media
Moby-Dick By Herman Melville,Books And Media
Crime And Punishment By Fyodor Dostoevsky,Books And Media
Frankenstein By Mary Shelley,Books And Media
The Odyssey By Homer,Books And Media
The Divine Comedy By Dante Alighieri,Books And Media
The Hitchhiker'S Guide To The Galaxy By Douglas Adams,Books And Media
The Grapes Of Wrath By John Steinbeck,Books And Media
The Brothers Karamazov By Fyodor Dostoevsky,Books And Media
Anna Karenina By Leo Tolstoy,Books And Media
Wuthering Heights By Emily Brontë,Books And Media
The Road By Cormac Mccarthy,Books And Media
The Adventures Of Huckleberry Finn By Mark Twain,Books And Media
The Secret Garden By Frances Hodgson Burnett,Books And Media
The Art Of War By Sun Tzu,Books And Media
Les Misérables By Victor Hugo,Books And Media
The Stand By Stephen King,Books And Media
Gulliver'S Travels By Jonathan Swift,Books And Media
The Stranger By Albert Camus,Books And Media
The Sun Also Rises By Ernest Hemingway,Books And Media
The Count Of Monte Cristo By Alexandre Dumas,Books And Media
The Importance Of Being Earnest By Oscar Wilde,Books And Media
Great Expectations By Charles Dickens,Books And Media
Dracula By Bram Stoker,Books And Media
East Of Eden By John Steinbeck,Books And Media
Ulysses By James Joyce,Books And Media
Tess Of The D'Urbervilles By Thomas Hardy,Books And Media
The Old Man And The Sea By Ernest Hemingway,Books And Media
The Scarlet Letter By Nathaniel Hawthorne,Books And Media
The Complete Works Of William Shakespeare,Books And Media
The Iliad By Homer,Books And Media
The Complete Sherlock Holmes By Arthur Conan Doyle,Books And Media
The War Of The Worlds By H.G. Wells,Books And Media
The Adventures Of Sherlock Holmes By Arthur Conan Doyle,Books And Media
War And Peace By Leo Tolstoy,Books And Media
The Little Prince By Antoine De Saint-Exupéry,Books And Media
The Book Thief By Markus Zusak,Books And Media
Of Mice And Men By John Steinbeck,Books And Media
The Alchemist By Paulo Coelho,Books And Media
Charlotte'S Web By E.B. White,Books And Media
The Shining By Stephen King,Books And Media
The Da Vinci Code By Dan Brown,Books And Media
Where The Wild Things Are By Maurice Sendak,Books And Media
The Girl With The Dragon Tattoo By Stieg Larsson,Books And Media
The Secret By Rhonda Byrne,Books And Media
Green Eggs And Ham By Dr. Seuss,Books And Media
The Hunger Games By Suzanne Collins,Books And Media
The Help By Kathryn Stockett,Books And Media
The Wind In The Willows By Kenneth Grahame,Books And Media
A Wrinkle In Time By Madeleine L'Engle,Books And Media
The Diary Of A Young Girl By Anne Frank,Books And Media
The Lorax By Dr. Seuss,Books And Media
Harry Potter And The Chamber Of Secrets By J.K. Rowling,Books And Media
Where The Sidewalk Ends By Shel Silverstein,Books And Media
The Giver By Lois Lowry,Books And Media
Lego Classic Creative Bricks Set,Toys And Games
Monopoly Classic Board Game,Toys And Games
Barbie Dreamhouse Dollhouse With Pool,Toys And Games
Nerf N-Strike Elite Disruptor Blaster,Toys And Games
Nintendo Switch Console,Toys And Games
Hot Wheels 20 Car Gift Pack,Toys And Games
Lego Star Wars Millennium Falcon Building Kit,Toys And Games
Jenga Classic Game,Toys And Games
Fisher-Price Little People Caring For Animals Farm Playset,Toys And Games
Uno Card Game,Toys And Games
Play-Doh Modeling Compound 10-Pack,Toys And Games
Melissa & Doug Wooden Building Blocks Set,Toys And Games
Lego Duplo My First Number Train Toy,Toys And Games
Catan Board Game,Toys And Games
Funko Pop! Marvel: Avengers Endgame Thor,Toys And Games
Crayola Inspiration Art Case Coloring Set,Toys And Games
Hasbro Gaming The Game Of Life,Toys And Games
Lego City Police Station Building Kit,Toys And Games
Melissa & Doug Let'S Play House Dust! Sweep! Mop! Pretend Play Set,Toys And Games
Lego Friends Heartlake City Amusement Pier Building Kit,Toys And Games
Playstation 5 Console,Toys And Games
Mattel Games Apples To Apples Junior,Toys And Games
Ravensburger Disney Villainous Strategy Board Game,Toys And Games
Baby Einstein Take Along Tunes Musical Toy,Toys And Games
Fisher-Price Laugh & Learn Smart Stages Chair,Toys And Games
Lego Ideas International Space Station Building Kit,Toys And Games
Melissa & Doug Deluxe Standing Art Easel,Toys And Games
Hasbro Gaming Connect 4 Game,Toys And Games
Lego Creator Mighty Dinosaurs Building Kit,Toys And Games
Vtech Sit-To-Stand Learning Walker,Toys And Games
Melissa & Doug Let'S Play House! Grocery Cans Play Food Set,Toys And Games
Lego Marvel Avengers Iron Man Hall Of Armor Building Kit,Toys And Games
Play-Doh Sweet Shoppe Cookie Creations,Toys And Games
Fisher-Price Little People Big Helpers Home Playset,Toys And Games
Ravensburger Gravitrax Starter Set Marble Run & Stem Toy,Toys And Games
Crayola Scribble Scrubbie Pets,Toys And Games
Lego Disney Frozen Ii Elsa'S Jewelry Box Creation Building Kit,Toys And Games
Hasbro Gaming Guess Who? Classic Game,Toys And Games
Lego City Monster Truck Building Kit,Toys And Games
Fisher-Price Laugh & Learn Smart Stages Piggy Bank,Toys And Games
Melissa & Doug Water Wow! Reusable Coloring Book,Toys And Games
Lego Star Wars At-At Building Kit,Toys And Games
Play-Doh Kitchen Creations Ultimate Swirl Ice Cream Maker,Toys And Games
Vtech Drop & Go Dump Truck,Toys And Games
Ravensburger Labyrinth Family Board Game,Toys And Games
Lego Disney Frozen Ii Elsa'S Wagon Carriage Adventure Building Kit,Toys And Games
Hasbro Gaming Trouble Game,Toys And Games
Melissa & Doug Wooden Jigsaw Puzzles In A Box,Toys And Games
Lego Marvel Avengers Iron Man Helmet Building Kit,Toys And Games
Play-Doh Wheels Crane And Forklift Construction Toys,Toys And Games
Fisher-Price Laugh & Learn Smart Stages Sis,Toys And Games
Melissa & Doug Deluxe Pounding Bench Wooden Toy,Toys And Games
Lego Star Wars Sith Tie Fighter Building Kit,Toys And Games
Crayola Color Wonder Mess Free Coloring Kit,Toys And Games
Hasbro Gaming Twister Ultimate: Bigger Mat,Toys And Games
Lego Disney Cinderella'S Castle Building Kit,Toys And Games
Vtech Pull And Sing Puppy,Toys And Games
Ravensburger Disney Frozen 2 Sisters Puzzle,Toys And Games
Lego Harry Potter Hogwarts Great Hall Building Kit,Toys And Games
Lego Ideas Ship In A Bottle Expert Building Kit,Toys And Games
Hasbro Gaming Operation Pet Scan Board Game,Toys And Games
Fisher-Price Linkimals Smooth Moves Sloth,Toys And Games
Melissa & Doug Slice And Bake Wooden Cookie Play Food Set,Toys And Games
Ravensburger Disney Hocus Pocus: The Game For Witches & Wizards,Toys And Games
Wilson Nfl Mvp Football,Sports And Outdoor Equipment
Spalding Nba Street Basketball,Sports And Outdoor Equipment
Fit Simplify Resistance Loop Exercise Bands,Sports And Outdoor Equipment
Coleman Portable Camping Quad Chair With 4-Can Cooler,Sports And Outdoor Equipment
Everlast Pro Style Training Gloves,Sports And Outdoor Equipment
Intex Challenger K1 Inflatable Kayak Set With Paddle And Pump,Sports And Outdoor Equipment
Spalding Nba Replica Game Ball,Sports And Outdoor Equipment
Cap Barbell Coated Hex Dumbbell Weights,Sports And Outdoor Equipment
Amazonbasics High-Density Round Foam Roller,Sports And Outdoor Equipment
Lifetime Height Adjustable Portable Basketball System,Sports And Outdoor Equipment
Franklin Sports Mlb Electronic Baseball Pitching Machine,Sports And Outdoor Equipment
Yeti Rambler 20 Oz Tumbler,Sports And Outdoor Equipment
Gosports Slammo Game Set,Sports And Outdoor Equipment
Everlast Evergrip Weighted Jump Rope,Sports And Outdoor Equipment
Camelbak Podium Chill Insulated Water Bottle,Sports And Outdoor Equipment
Fit Simplify Resistance Bands Set,Sports And Outdoor Equipment
Gaiam Essentials Yoga Block,Sports And Outdoor Equipment
Spalding Nba Street Phantom Outdoor Basketball,Sports And Outdoor Equipment
Bowflex Selecttech Adjustable Dumbbells,Sports And Outdoor Equipment
Coleman Sundome Tent,Sports And Outdoor Equipment
Under Armour Men'S Tech 2.0 Short Sleeve T-Shirt,Sports And Outdoor Equipment
Nordictrack T Series Treadmill,Sports And Outdoor Equipment
Osprey Packs Daylite Plus Daypack,Sports And Outdoor Equipment
Sklz Pro Mini Basketball Hoop With Ball,Sports And Outdoor Equipment
Everlast Powercore Freestanding Heavy Bag,Sports And Outdoor Equipment
Stearns Adult Classic Series Life Jacket,Sports And Outdoor Equipment
Knee Brace Compression Sleeve With Strap,Sports And Outdoor Equipment
Intex Swim Center Family Inflatable Pool,Sports And Outdoor Equipment
Callaway Golf Men'S Strata Complete Golf Set,Sports And Outdoor Equipment
Mongoose Legion Freestyle Bmx Bike,Sports And Outdoor Equipment
Trx All In One Home Gym Bundle,Sports And Outdoor Equipment
Bv Bicycle Light Set,Sports And Outdoor Equipment
Fitness Reality 810Xlt Super Max Power Cage,Sports And Outdoor Equipment
Coleman Gas Camping Stove,Sports And Outdoor Equipment
Skywalker Trampolines Round Jump Mat,Sports And Outdoor Equipment
Wipex Natural Gym & Fitness Equipment Wipes,Sports And Outdoor Equipment
Lifestraw Personal Water Filter,Sports And Outdoor Equipment
Cap Barbell Olympic Grip Weight Plates,Sports And Outdoor Equipment
Gaiam Essentials Yoga Mat,Sports And Outdoor Equipment
Zippo Refillable Hand Warmers,Sports And Outdoor Equipment
Hydro Flask Water Bottle,Sports And Outdoor Equipment
G4Free 62 Inch Automatic Open Golf Umbrella,Sports And Outdoor Equipment
Reehut Ankle/Wrist Weights Set,Sports And Outdoor Equipment
Wilson Us Open Extra Duty Tennis Balls,Sports And Outdoor Equipment
Plano Angled Tackle System Tackle Box,Sports And Outdoor Equipment
Gorilla Grip Original Premium Exercise Mat,Sports And Outdoor Equipment
Wilson Nfl Super Grip Football,Sports And Outdoor Equipment
Coleman 8-Person Tent For Camping,Sports And Outdoor Equipment
Fitbit Charge 4 Fitness And Activity Tracker,Sports And Outdoor Equipment
Penn Championship Tennis Balls,Sports And Outdoor Equipment
Le Led Camping Lantern,Sports And Outdoor Equipment
Everlast Hydrostrike Water Bag,Sports And Outdoor Equipment
Gerber Suspension Multi-Plier,Sports And Outdoor Equipment
Kershaw Cryo Pocket Knife,Sports And Outdoor Equipment
Maglite Led 3-Cell D Flashlight,Sports And Outdoor Equipment
Gosports Battlechip Backyard Golf Cornhole Game,Sports And Outdoor Equipment
Ozark Trail Folding Wagon,Sports And Outdoor Equipment
Spalding Nba Street Phantom Official Outdoor Basketball,Sports And Outdoor Equipment
Amazonbasics Neoprene Dumbbell Pairs And Sets,Sports And Outdoor Equipment
Coleman Portable Camping Chair With Built-In Cooler,Sports And Outdoor Equipment
Sunny Health & Fitness Magnetic Rowing Machine,Sports And Outdoor Equipment
Callaway Golf Supersoft Golf Balls,Sports And Outdoor Equipment
Cap Barbell Cast Iron Kettlebell,Sports And Outdoor Equipment
Gatorade Squeeze Sports Bottle,Sports And Outdoor Equipment
Rawlings Official League Recreational Baseballs,Sports And Outdoor Equipment
Lego Technic Whack! Building Kit,Sports And Outdoor Equipment
Penn Championship Extra Duty Tennis Balls,Sports And Outdoor Equipment
Spalding Nba Zi/O Excel Basketball,Sports And Outdoor Equipment
Intex Explorer K2 Kayak,Sports And Outdoor Equipment
Amazonbasics Medicine Ball,Sports And Outdoor Equipment
G4Free Lightweight Packable Backpack,Sports And Outdoor Equipment
Living Room Sofa,Furniture And Home Decor
Modern Coffee Table,Furniture And Home Decor
Rustic Wooden Dining Table,Furniture And Home Decor
Leather Recliner Chair,Furniture And Home Decor
Bedroom Dresser With Mirror,Furniture And Home Decor
Contemporary Floor Lamp,Furniture And Home Decor
Vintage Accent Chair,Furniture And Home Decor
Industrial Style Bar Stools,Furniture And Home Decor
Mid-Century Modern Desk,Furniture And Home Decor
Farmhouse Style Dining Chairs,Furniture And Home Decor
Velvet Upholstered Bed Frame,Furniture And Home Decor
Marble Top Side Table,Furniture And Home Decor
Antique Brass Chandelier,Furniture And Home Decor
Cozy Sectional Sofa,Furniture And Home Decor
Elegant Console Table,Furniture And Home Decor
Bohemian Area Rug,Furniture And Home Decor
Sleek Tv Stand,Furniture And Home Decor
Adjustable Height Bar Table,Furniture And Home Decor
Faux Leather Ottoman,Furniture And Home Decor
Glass Top Dining Set,Furniture And Home Decor
Retro Record Player Stand,Furniture And Home Decor
Scandinavian Style Armchair,Furniture And Home Decor
Wood And Metal Bookshelf,Furniture And Home Decor
Vintage Wall Clock,Furniture And Home Decor
Velvet Tufted Accent Bench,Furniture And Home Decor
Farmhouse Pendant Light,Furniture And Home Decor
Rustic Floating Shelves,Furniture And Home Decor
Minimalist Bedside Table,Furniture And Home Decor
Industrial Pipe Shelving Unit,Furniture And Home Decor
Modern Wall Art Set,Furniture And Home Decor
Vintage Chest Of Drawers,Furniture And Home Decor
Tufted Velvet Loveseat,Furniture And Home Decor
Contemporary Swivel Barstools,Furniture And Home Decor
Coastal Style Dining Table,Furniture And Home Decor
Art Deco Floor Mirror,Furniture And Home Decor
Classic Wingback Chair,Furniture And Home Decor
Modern Pendant Chandelier,Furniture And Home Decor
Vintage Chest Coffee Table,Furniture And Home Decor
Industrial Pipe Coffee Table,Furniture And Home Decor
Farmhouse Style Buffet Cabinet,Furniture And Home Decor
Mid-Century Modern Bar Cart,Furniture And Home Decor
Rattan Hanging Chair,Furniture And Home Decor
Glamorous Vanity Set,Furniture And Home Decor
Bohemian Pouf Ottoman,Furniture And Home Decor
Rustic Wood Entryway Bench,Furniture And Home Decor
Industrial Style Desk Lamp,Furniture And Home Decor
Coastal Style Bed Frame,Furniture And Home Decor
Scandinavian Style Dining Chairs,Furniture And Home Decor
Vintage Wall Sconces,Furniture And Home Decor
Sleek Bar Height Table,Furniture And Home Decor
Classic Wingback Armchair,Furniture And Home Decor
Contemporary Glass Desk,Furniture And Home Decor
Minimalist Floating Tv Stand,Furniture And Home Decor
Bohemian Floor Cushions,Furniture And Home Decor
Industrial Style End Table,Furniture And Home Decor
Mid-Century Modern Sideboard,Furniture And Home Decor
Rustic Wooden Bedside Table,Furniture And Home Decor
Glamorous Crystal Chandelier,Furniture And Home Decor
Farmhouse Style Kitchen Island,Furniture And Home Decor
Velvet Upholstered Dining Chairs,Furniture And Home Decor
Vintage Area Rug,Furniture And Home Decor
Modern Bookcase With Glass Doors,Furniture And Home Decor
Bohemian Macrame Wall Hanging,Furniture And Home Decor
Rustic Wood Floating Shelves,Furniture And Home Decor
Sleek Black Leather Sofa,Furniture And Home Decor
Elegant Crystal Table Lamp,Furniture And Home Decor
Mid-Century Modern Lounge Chair,Furniture And Home Decor
Farmhouse Style Wall Clock,Furniture And Home Decor
Velvet Upholstered Dining Bench,Furniture And Home Decor
Industrial Pipe Toilet Paper Holder,Furniture And Home Decor
Bohemian Style Bedspread Set,Furniture And Home Decor
Classic Tufted Ottoman,Furniture And Home Decor
Coastal Style Bedside Table,Furniture And Home Decor
Rustic Wood Wall Shelf,Furniture And Home Decor
Elegant Crystal Ceiling Fan,Furniture And Home Decor
Vintage Distressed Area Rug,Furniture And Home Decor
Modern Glass Top Dining Table,Furniture And Home Decor
Bohemian Style Floor Lamp,Furniture And Home Decor
Sleek Leather Dining Chairs,Furniture And Home Decor
Industrial Pipe Bookshelf,Furniture And Home Decor
Cozy Knit Throw Blanket,Furniture And Home Decor
Vintage Wooden Chest Coffee Table,Furniture And Home Decor
Minimalist Platform Bed Frame,Furniture And Home Decor
Classic Crystal Wall Sconces,Furniture And Home Decor
Farmhouse Style Entryway Bench,Furniture And Home Decor
Velvet Upholstered Accent Chair,Furniture And Home Decor
Contemporary Glass Coffee Table,Furniture And Home Decor
Rustic Wood Console Table,Furniture And Home Decor
Elegant Crystal Candle Holders,Furniture And Home Decor
Modern Velvet Sectional Sofa,Furniture And Home Decor
Rustic Wood Wall Mirror,Furniture And Home Decor
Elegant Crystal Table Centerpiece,Furniture And Home Decor
Vintage Style Desk Lamp,Furniture And Home Decor
Bohemian Style Throw Pillow Covers,Furniture And Home Decor
Sleek Metal Bar Stools,Furniture And Home Decor
Industrial Pipe Coat Rack,Furniture And Home Decor
Cozy Faux Fur Throw Blanket,Furniture And Home Decor
Vintage Brass Table Lamp,Furniture And Home Decor
Minimalist Floating Wall Shelves,Furniture And Home Decor
Classic Crystal Chandelier,Furniture And Home Decor
Dog Food,Pet Supplies
Cat Litter,Pet Supplies
Dog Collar,Pet Supplies
Cat Toy Set,Pet Supplies
Fish Tank Filter,Pet Supplies
Bird Cage,Pet Supplies
Small Animal Bedding,Pet Supplies
Dog Leash,Pet Supplies
Cat Scratching Post,Pet Supplies
Aquarium Heater,Pet Supplies
Hamster Wheel,Pet Supplies
Dog Chew Toys,Pet Supplies
Cat Collar With Bell,Pet Supplies
Fish Tank Decorations,Pet Supplies
Bird Perch,Pet Supplies
Rabbit Hutch,Pet Supplies
Dog Bed,Pet Supplies
Cat Food Bowl,Pet Supplies
Fish Tank Gravel,Pet Supplies
Guinea Pig Cage,Pet Supplies
Dog Grooming Brush,Pet Supplies
Cat Tree Tower,Pet Supplies
Bird Food,Pet Supplies
Small Animal Cage,Pet Supplies
Dog Poop Bags,Pet Supplies
Cat Carrier,Pet Supplies
Fish Tank Air Pump,Pet Supplies
Hamster Cage,Pet Supplies
Dog Training Pads,Pet Supplies
Cat Litter Box,Pet Supplies
Fish Tank Light,Pet Supplies
Bird Cage Cover,Pet Supplies
Rabbit Food,Pet Supplies
Dog Nail Clippers,Pet Supplies
Cat Bed,Pet Supplies
Fish Tank Water Conditioner,Pet Supplies
Bird Seed,Pet Supplies
Small Animal Exercise Ball,Pet Supplies
Dog Water Bowl,Pet Supplies
Cat Tunnel Toy,Pet Supplies
Fish Tank Thermometer,Pet Supplies
Bird Toy Set,Pet Supplies
Rabbit Hay Feeder,Pet Supplies
Dog Treats,Pet Supplies
Cat Scratcher Lounge,Pet Supplies
Fish Tank Background,Pet Supplies
Bird Cage Stand,Pet Supplies
Small Animal Water Bottle,Pet Supplies
Dog Crate,Pet Supplies
Cat Brush,Pet Supplies
Fish Tank Vacuum,Pet Supplies
Bird Bath,Pet Supplies
Rabbit Water Bottle,Pet Supplies
Dog Muzzle,Pet Supplies
Cat Harness And Leash,Pet Supplies
Fish Tank Net,Pet Supplies
Bird Perch Stand,Pet Supplies
Small Animal Hay Feeder,Pet Supplies
Dog Cooling Mat,Pet Supplies
Cat Window Perch,Pet Supplies
Fish Tank Algae Scrubber,Pet Supplies
Bird Cage Liner,Pet Supplies
Small Animal Hideout,Pet Supplies
Dog Clicker Training Kit,Pet Supplies
Cat Tower Scratching Post,Pet Supplies
Fish Tank Heater Guard,Pet Supplies
Bird Nesting Material,Pet Supplies
Small Animal Tunnel System,Pet Supplies
Dog Agility Training Set,Pet Supplies
Cat Nail Caps,Pet Supplies
Fish Tank Algae Remover,Pet Supplies
Bird Cage Food And Water Dispenser,Pet Supplies
Small Animal Exercise Wheel,Pet Supplies
Dog Backpack Carrier,Pet Supplies
Cat Scratching Pad,Pet Supplies
Fish Tank Air Stone,Pet Supplies
Bird Cage Seed Guard,Pet Supplies
Small Animal Playpen,Pet Supplies
Dog Toothbrush And Toothpaste Set,Pet Supplies
Cat Water Fountain,Pet Supplies
Fish Tank Algae Eater,Pet Supplies
Bird Cage Perch Covers,Pet Supplies
Small Animal Hay Rack,Pet Supplies
Dog Training Treat Pouch,Pet Supplies
Cat Litter Scoop,Pet Supplies
Fish Tank Background Sticker,Pet Supplies
Bird Cage Door Lock,Pet Supplies
Small Animal Litter Pan,Pet Supplies
Dog Stroller,Pet Supplies
Cat Calming Collar,Pet Supplies
Fish Tank Plant Decorations,Pet Supplies
Bird Cage Bath Tub,Pet Supplies
Small Animal Water Dispenser,Pet Supplies
Dog Whistle,Pet Supplies
Cat Hairball Remedy,Pet Supplies
Fish Tank Gravel Cleaner,Pet Supplies
Bird Cage Swing,Pet Supplies
Small Animal Hay Holder,Pet Supplies
Dog Chewing Toys Set,Pet Supplies
Cat Grooming Gloves,Pet Supplies
Ballpoint Pens,Office Supplies
Notebooks,Office Supplies
Stapler,Office Supplies
Highlighters,Office Supplies
Binder Clips,Office Supplies
Desk Organizer,Office Supplies
Dry Erase Markers,Office Supplies
Printer Paper,Office Supplies
Envelopes,Office Supplies
Scissors,Office Supplies
Desk Lamp,Office Supplies
Index Cards,Office Supplies
Paper Clips,Office Supplies
Calculator,Office Supplies
Push Pins,Office Supplies
Tape Dispenser,Office Supplies
Rubber Bands,Office Supplies
Desk Calendar,Office Supplies
File Folders,Office Supplies
Glue Sticks,Office Supplies
Desktop Organizer,Office Supplies
Hole Puncher,Office Supplies
Whiteboard Eraser,Office Supplies
Binder Dividers,Office Supplies
Presentation Clicker,Office Supplies
Desk Chair,Office Supplies
Desk Drawer Organizer,Office Supplies
Correction Tape,Office Supplies
Desk Fan,Office Supplies
Paper Shredder,Office Supplies
Usb Flash Drive,Office Supplies
Desk Mat,Office Supplies
Ballpoint Pen Refills,Office Supplies
Notebook Paper,Office Supplies
Desk Drawer Dividers,Office Supplies
Presentation Pointer,Office Supplies
Desk Organizer Tray,Office Supplies
Desk Name Plate,Office Supplies
Desk Clock,Office Supplies
Desk Chair Mat,Office Supplies
Desk Phone Stand,Office Supplies
Desk Name Tag,Office Supplies
Desk Tray Organizer,Office Supplies
Desktop Bookshelf,Office Supplies
Desk Lamp With Usb Port,Office Supplies
Desk Chair Wheels,Office Supplies
Desk Keyboard Tray,Office Supplies
Desk Monitor Riser,Office Supplies
Desk Drawer Knobs,Office Supplies
Desk Shelf Organizer,Office Supplies
Desk Pencil Sharpener,Office Supplies
Desk Clock With Calendar,Office Supplies
Desk Staple Remover,Office Supplies
Desk Drawer Liner,Office Supplies
Desk Chair Armrest Pads,Office Supplies
Desk Pen And Pencil Holder,Office Supplies
Desk Drawer File Organizer,Office Supplies
Desk Chair Back Support,Office Supplies
Desk Keyboard And Mouse Tray,Office Supplies
Desk Drawer Locking Mechanism,Office Supplies
Desk Chair Seat Cushion,Office Supplies
Desk Cable Management Box,Office Supplies
