Task,Category
email,Work
meeting,Work
report,Work
code,Work
project,Work
presentation,Work
assignment,Work
feedback,Work
review,Work
standup,Work
call,Work
documentation,Work
bug,Work
deployment,Work
release,Work
sprint,Work
backlog,Work
client,Work
deadline,Work
strategy,Work
team,Work
sync,Work
onboarding,Work
training,Work
proposal,Work
contract,Work
interview,Work
schedule,Work
task,Work
manager,Work
development,Work
testing,Work
uat,Work
production,Work
server,Work
database,Work
log,Work
metric,Work
kpi,Work
analytics,Work
budget,Work
finance,Work
marketing,Work
sales,Work
lead,Work
ticket,Work
support,Work
inbox,Work
calendar,Work
outreach,Work
email,Work
meeting,Work
report,Work
code,Work
project,Work
presentation,Work
assignment,Work
feedback,Work
review,Work
standup,Work
call,Work
documentation,Work
bug,Work
deployment,Work
release,Work
sprint,Work
backlog,Work
client,Work
deadline,Work
strategy,Work
team,Work
sync,Work
onboarding,Work
training,Work
proposal,Work
contract,Work
interview,Work
schedule,Work
task,Work
manager,Work
development,Work
testing,Work
uat,Work
production,Work
server,Work
database,Work
log,Work
metric,Work
kpi,Work
analytics,Work
budget,Work
finance,Work
marketing,Work
sales,Work
lead,Work
ticket,Work
support,Work
inbox,Work
calendar,Work
outreach,Work
Buy email,Work
Buy meeting,Work
Buy report,Work
Buy code,Work
Buy project,Work
milk,Grocery
eggs,Grocery
bread,Grocery
rice,Grocery
fruits,Grocery
vegetables,Grocery
butter,Grocery
cheese,Grocery
chicken,Grocery
beef,Grocery
fish,Grocery
pasta,Grocery
salt,Grocery
sugar,Grocery
oil,Grocery
coffee,Grocery
tea,Grocery
juice,Grocery
water,Grocery
snacks,Grocery
chips,Grocery
chocolate,Grocery
cereal,Grocery
yogurt,Grocery
flour,Grocery
onion,Grocery
potato,Grocery
tomato,Grocery
garlic,Grocery
spices,Grocery
soap,Grocery
shampoo,Grocery
detergent,Grocery
tissue,Grocery
napkin,Grocery
apple,Grocery
banana,Grocery
orange,Grocery
berry,Grocery
grapes,Grocery
melon,Grocery
honey,Grocery
jam,Grocery
sauce,Grocery
vinegar,Grocery
pulse,Grocery
beans,Grocery
lentils,Grocery
flour,Grocery
bakery,Grocery
milk,Grocery
eggs,Grocery
bread,Grocery
rice,Grocery
fruits,Grocery
vegetables,Grocery
butter,Grocery
cheese,Grocery
chicken,Grocery
beef,Grocery
fish,Grocery
pasta,Grocery
salt,Grocery
sugar,Grocery
oil,Grocery
coffee,Grocery
tea,Grocery
juice,Grocery
water,Grocery
snacks,Grocery
chips,Grocery
chocolate,Grocery
cereal,Grocery
yogurt,Grocery
flour,Grocery
onion,Grocery
potato,Grocery
tomato,Grocery
garlic,Grocery
spices,Grocery
soap,Grocery
shampoo,Grocery
detergent,Grocery
tissue,Grocery
napkin,Grocery
apple,Grocery
banana,Grocery
orange,Grocery
berry,Grocery
grapes,Grocery
melon,Grocery
honey,Grocery
jam,Grocery
sauce,Grocery
vinegar,Grocery
pulse,Grocery
beans,Grocery
lentils,Grocery
flour,Grocery
bakery,Grocery
Buy milk,Grocery
Buy eggs,Grocery
Buy bread,Grocery
Buy rice,Grocery
Buy fruits,Grocery
doctor,Health
medicine,Health
hospital,Health
gym,Health
workout,Health
vitamins,Health
checkup,Health
clinic,Health
exercise,Health
cardio,Health
yoga,Health
diet,Health
protein,Health
water,Health
sleep,Health
meditation,Health
therapy,Health
dentist,Health
eye,Health
surgeon,Health
pharmacy,Health
prescription,Health
health,Health
fitness,Health
running,Health
walking,Health
swimming,Health
stretching,Health
nutrition,Health
calorie,Health
weight,Health
blood,Health
sugar,Health
pulse,Health
pressure,Health
injection,Health
vaccine,Health
recovery,Health
rest,Health
sleep,Health
mental,Health
physical,Health
therapeutic,Health
massage,Health
spa,Health
healing,Health
first aid,Health
bandage,Health
ointment,Health
scan,Health
doctor,Health
medicine,Health
hospital,Health
gym,Health
workout,Health
vitamins,Health
checkup,Health
clinic,Health
exercise,Health
cardio,Health
yoga,Health
diet,Health
protein,Health
water,Health
sleep,Health
meditation,Health
therapy,Health
dentist,Health
eye,Health
surgeon,Health
pharmacy,Health
prescription,Health
health,Health
fitness,Health
running,Health
walking,Health
swimming,Health
stretching,Health
nutrition,Health
calorie,Health
weight,Health
blood,Health
sugar,Health
pulse,Health
pressure,Health
injection,Health
vaccine,Health
recovery,Health
rest,Health
sleep,Health
mental,Health
physical,Health
therapeutic,Health
massage,Health
spa,Health
healing,Health
first aid,Health
bandage,Health
ointment,Health
scan,Health
Buy doctor,Health
Buy medicine,Health
Buy hospital,Health
Buy gym,Health
Buy workout,Health
clean,Personal
laundry,Personal
bills,Personal
home,Personal
room,Personal
desk,Personal
kitchen,Personal
tidy,Personal
organize,Personal
vacuum,Personal
wash,Personal
clutter,Personal
trash,Personal
garbage,Personal
electricity,Personal
water,Personal
internet,Personal
rent,Personal
mortgage,Personal
maintenance,Personal
repair,Personal
paint,Personal
decorate,Personal
garden,Personal
plants,Personal
pet,Personal
dog,Personal
cat,Personal
feed,Personal
walk,Personal
groceries,Personal
cooking,Personal
dishes,Personal
sweep,Personal
mop,Personal
dust,Personal
window,Personal
mirror,Personal
furniture,Personal
closet,Personal
clothes,Personal
shoes,Personal
bag,Personal
keys,Personal
wallet,Personal
plan,Personal
journal,Personal
read,Personal
relax,Personal
hobby,Personal
clean,Personal
laundry,Personal
bills,Personal
home,Personal
room,Personal
desk,Personal
kitchen,Personal
tidy,Personal
organize,Personal
vacuum,Personal
wash,Personal
clutter,Personal
trash,Personal
garbage,Personal
electricity,Personal
water,Personal
internet,Personal
rent,Personal
mortgage,Personal
maintenance,Personal
repair,Personal
paint,Personal
decorate,Personal
garden,Personal
plants,Personal
pet,Personal
dog,Personal
cat,Personal
feed,Personal
walk,Personal
groceries,Personal
cooking,Personal
dishes,Personal
sweep,Personal
mop,Personal
dust,Personal
window,Personal
mirror,Personal
furniture,Personal
closet,Personal
clothes,Personal
shoes,Personal
bag,Personal
keys,Personal
wallet,Personal
plan,Personal
journal,Personal
read,Personal
relax,Personal
hobby,Personal
Buy clean,Personal
Buy laundry,Personal
Buy bills,Personal
Buy home,Personal
Buy room,Personal
